{
  "files_processed": {
    "2019 Records in Denodo not in Master_1-9-24_COMPLETED.xlsx": {
      "total_rows": 105746,
      "filtered_rows": 74709,
      "filter_rate": 70.64948083142625
    },
    "2020 Records in Denodo not in Master_8-28-23_COMPLETED.xlsx": {
      "total_rows": 185610,
      "filtered_rows": 116310,
      "filter_rate": 62.663649587845484
    },
    "2021 Records in Denodo not in Master_8-28-23_COMPLETED.xlsx": {
      "total_rows": 99965,
      "filtered_rows": 61789,
      "filter_rate": 61.81063372180263
    },
    "2022 Records in Denodo not in Master_8-28-23_COMPLETED.xlsx": {
      "total_rows": 127708,
      "filtered_rows": 93924,
      "filter_rate": 73.54590158799762
    },
    "2023 Records in Denodo not in Master_2-2-24.xlsx": {
      "total_rows": 164483,
      "filtered_rows": 124292,
      "filter_rate": 75.56525598390107
    }
  },
  "total_records_extracted": 471024,
  "vendors_found": 883,
  "keyword_categories": 6,
  "refund_bases": 44
}